,title,label
0,The Sprout: Salmonella outbreak hits six provinces,0
1,"VIDEO: BREAKING: Sam Mbakwe Airport In Owerri, Imo State Is On Fire",0
2,There have been a total of 120 Earthquakes around the world in the past 24 hours- Most of which subsided around the ring of fire.,0
3,https://prestigefs.co.uk,0
4,Presidente Bolsonaro anuncia novo ministro da Educação,0
5,Measles outbreak: Booming number of cases rocket toward record,0
6,Professional Home Repairs &amp; Renovations Termite Damage Repair Contractor,0
7,"Number of children going to ER with suicidal thoughts, attempts doubles, study finds",0
8,"New Orleans Strippers, Female and Male Exotic Dancers, Strippers in Louisiana",0
9,Measles cases in the U.S. approach record levels,0
10,открыть ип временная регистрация,0
11,A RIGHT 'ROYAL' REPORT (WARNING: MAY CAUSE SOME TO MELT!),0
12,Adobe Photoshop CC 2019 Full İndir,0
13,"Rubino: ""Gold Is Moving Back Into The Center Of The Global Financial System"" | Zero Hedge",0
14,Millions of dollars in grocery subsidies haven’t lessened food insecurity in Canada’s North,0
15,"Policeman volunteers to take breathalyzer test during DUI training, registers over the limit",0
16,"Battle rages for Libya's capital, airport bombed",0
17,"In San Francisco, Making a Living From Your Billionaire Neighbor’s Trash",0
18,Bernie Sanders says he does not support open borders,0
19,"Tomorrow, Congress Votes on Net Neutrality on the House Floor! Hear Directly from Members of Congress at 8pm ET TODAY on Reddit, and Learn What You Can Do to Save Net Neutrality!",0
20,"Идем в гости: Учимся, как себя вести",0
21,Conor McGregor accused of 'punching' man in Dublin pub as police investigate,0
22,رد سمية الخشاب المفاجئ على جدل تسلمها ختم النبي ونفي تكريمها بالسعودية و...,0
23,Cubans march to end animal cruelty,0
24,"Laundromats introduce story hours for children in a collaboration among librarians, early-literacy groups, and laundromat owners. Early results show strong benefits for kids.",0
25,Automotive Plastics Market Analysis | Recent Market Developments | Industry Forecast to 2017-2023,0
26,Premier Solto Hotel,0
27,Allison Mack of 'Smallville' to plead guilty in NXIVM sex cult case,0
28,linksyssmartwifi.com : How To Setup linksys smart wi-fi router?,0
29,7 Knowledge-Backed Causes Why 2019 Is the Greatest 12 months Through Begin Your On-line Enterprise,0
30,Friends take coffin holding body of 17-year-old murdered fan to soccer game in Colombia,0
31,"Vegan protests: 'Un-Australian' activists arrested, PM Morrison says",0
32,"Factory for Rent in Sahibabad Industrial Area Site 4, Ghaziabad",0
33,"Tomorrow, Congress Votes on Net Neutrality on the House Floor! Hear Directly from Members of Congress at 8pm ET TODAY on Reddit, and Learn What You Can Do to Save Net Neutrality!",0
34,Remolacha con el limón para los problemas del hígado graso,0
35,"Judge won’t find what AOC just did to a reporter funny at all. In fact, it’s been ruled illegal. Conservative News Today",0
36,Researchers develop treatment that turns tumors into cancer vaccine factories,0
37,Majority of Wall Street pan Trump Fed choices Stephen Moore and Herman Cain: CNBC survey,0
38,Father arrested for speeding to get his daughter to the hospital bailed out by nurses working at facility.,0
39,hackers for hire,0
40,"Nearly a dozen Democratic senators to investigate Juul's marketing practices, deal with Altria",0
41,Oil giant Shell has a new plan for cutting carbon footprint: planting millions of trees,0
42,https://www.pfadvisors.co.uk/,0
43,Those Offering Jobs To Nigerians In The Middle East Are After Their Organs - IOM,0
44,The Dingbats On DC's City Council Just Screwed A Bunch Of Educational Non-Profits Out Of Millions,0
45,Custom Car Audio Mt Juliet,0
46,Fresh violence in Libya could provide new shock to oil markets,0
47,hackers for hire,0
48,Electoral College: Trump was against it before he was for it | MinnPost,0
49,US Revokes ICC prosecutor's Visa,0
50,WATCH: CBS Cameras Cut Away the Moment Texas Tech Starts Praying | Breitbart,0
51,Thảm dính bụi có những ưu điểm đặc biệt gì,0
52,"Prepara la crema de bicarbonato PARA COMBATIR LAS , arrugas, manchas, espinillas y patas de gallo",0
53,Netanyahu thanks Trump for labeling Iran's Revolutionary Guards a terror group,0
54,@rokambola : Nueva Entrada: Un truco infalible para quitarse una canción machacona de la cabeza http://bit.ly/2v1HH3D,0
55,Med School Cadaver's Heart Was In the Right Place (But Her Other Organs Weren't),0
56,"Children may be overprescribed antibiotics in online doctor visits, NIH study finds",0
57,Secret Millionaire Bot Review – Legit Or Scam? | Web Traffic Lounge,0
58,The Alaska Permanent Fund is an amazing true socialist miracle - Vox,0
59,Gooi Mortgage Launches End-to-End ‘All-In Service Bundle’,0
60,Morgan Stanley cuts Tesla price target and lowers Model S and Model X sales forecast,0
61,tplinkwifi.net | tplinkwifi.net setup | tp-link router setup,0
62,US designates elite Iranian force as terrorist organisation,0
63,"She Made Me, She’s My Destiny – Actor, Bolanle Ninalowo Celebrate Wife",0
64,New SEC Campaign Educates Investors on Where and How to Get Answers,0
65,7 things you didnt know you could do with Gmail,0
66,Shore Homebuilder is First in New Jersey to Offer Free Architectural Services to Homebuyers,0
67,U.S. designates Iran's Revolutionary Guards a terrorist group,0
68,"Airbus has designed planes with beds, playgrounds for kids, stretching areas, and business centers for commercial passengers. The special areas are designed to fit inside the cargo compartments of long-haul Airbus planes.",0
69,"Teens are spending $2,600 a year on food and clothes; half say Amazon is favorite",0
70,"In Asbest, Russia, Making Asbestos Great Again",0
71,Các Thiết Bị Quan Trọng Trong Hệ Thống Khí Nén - CÔNG TY TNHH THIẾT BỊ CÔNG NGHIỆP NAM PHÁT,0
72,"'Male gaze', 'imposter syndrome' and 'womxn' among Dictionary.com's new words of 2019",0
73,"Hidden Hawaii: Including Oahu, Maui, Kauai, Lanai, Molokai, and the Big Island (Hidden Travel)",0
74,Menos é mais!,0
75,"In Asbest, Russia, Making Asbestos Great Again",0
76,Gang steel atm with a digger,0
77,Stolen ambulance found in Detroit after patient flees in it,0
78,"Nhân viên khách sạn ở Hà Nội: “Chửi khách cũng cần kỹ năng” và ""muốn đấm vào mặt Khoa Pug""",0
79,"BBNaija #Double Wahala Star, Cee-C's Cleavage Shooting Out Of Her Dress In Newly Released Photos",0
80,U.S. Labels Iran's Revolutionary Guard As A Foreign Terrorist Organization,0
81,регистрация физического лица в качестве ип,0
82,FRULLATI DETOX PER DIMAGRIRE----EASY SMOOTHIE,0
83,Truy tìm nhóm đối tượng đánh nữ sinh Quảng Ninh nhập viện,0
84,ACM Awards: Reba McEntire speaks up for women during monologue,0
85,Ian's Islamic Revolutionary Guard declared a terrorist organization,0
86,PHOTOS: Man Narrates How He Almost Boarded A Bus Which Had An Accident Hours Later With No Survivor,0
87,"About 1 in 4 Japanese adults in their 20s and 30s are virgins, says study",0
88,GOPRO HERO 7 6 5 4 SESSION KIT ACCESSORIES FOR ONLY 7$!!! HIGH QUALITY!!,0
89,Southwest stock downgraded to 'market perform' over Boeing's 737 Max jet,0
90,Getting to Know Australian Wine,0
91,Armed men in Vigo kill 2 'for joy' in Karachi's DHA,0
92,"Housing sentiment surges in March, and sellers are the most optimistic",0
93,US pulls forces from Libya as fighting approaches capital,0
94,Auburn gymnast breaks both legs while performing routine during NCAA championships,0
95,"TV9Marathi, TV9 Marathi Breaking News, TV9 Marathi Live News",0
96,@rokambola : Nueva Entrada: Conoce algunas aplicaciones móviles para disfrutar aún más de Halloween http://bit.ly/2D2e1Yv,0
97,taras shevchenko üniversitesi,0
98,American Airlines cancels more than 5000 flights,0
99,"Jelang Final Piala Presiden, Khofifah Ingatkan Bonek dan Aremania Guyup Rukun",0
100,UK cinema plays horror trailers before Peppe Pig film,0
101,Veja as consequências do estresse em excesso e como se livrar dele,0
102,İzmir Saç Ekim Merkezleri Fiyatları ve En İyi En Başarılı Merkezler,0
103,Coach charged after allegedly punching referee at Kentucky AAU event. Outrage follows,0
104,Những Lưu Ý Khi Lựa Chọn Một Máy Phát Điện Công Nghiệp,0
105,"UK plans to hold Facebook, other social media firms liable for harmful content",0
106,Nice commedy,0
107,"방탄소년단 지민, 갈수록 치솟는 인기 언제까지?",0
108,"регистрация ип Регистрация ИП для всех, кто находится в Москве, вне зависимости от региона регистрации 2300 руб.",0
109,"Photo+Video: IBEDC Worker, Adewale Adegoke Electrocuted While Working On Electric Pole In Ibadan",0
110,Home Health Software,0
111,What is net neutrality?,0
112,Ankara Saç Ekim Merkezleri Fiyatları ve En İyi En Başarılı Merkezler,0
113,A cop slapped a suicidal hospital patient. Then the video emerged.,0
114,17-Year-old Murder Victim Taken To Match In Coffin By Cucuta Ultras,0
115,Crash Site - Brazilian Air Force AMX A 1B fighter jet crashed at Viamão,0
116,British mother faces jail in Dubai for calling ex-husband an 'idiot' in old Facebook posts,0
117,Here's the latest on what to expect from Apple's new iPhones,0
118,Russian trolls pumped out malware along with pro-Trump messages. Venezuelans helped,0
119,"Exclusive: Mexico's Walmart pressures suppliers on pricing, forcing some to ditch Amazon",0
120,Gооglе AdWоrdѕ Strаtеgу – Sоmе Lеѕѕеr Knоwn Google AdWоrdѕ Strategies,0
121,Thẻ Bảo Hiểm New Brunswick Medicare – Bảo Vệ Sức Khoẻ Khi Định Cư Canada,0
122,Google Search Console adds Android app filters to performance report,0
123,Mother of girl who died after school fight says she'd complained of bullying in the past,0
124,www.robinsontransport.co.uk,0
125,İstanbul Saç Ekim Merkezleri Fiyatları ve En İyi En Başarılı Merkezler,0
126,"Jet truck catches fire during air show at Space Coast Regional Airport, no injuries",0
127,Here's who stands to get rich from Pinterest's IPO,0
128,Синий Человек ОБАЛДЕТЬ КАКАЯ ПЕСНЯ ARKADiAS DiSCO Премьера клипа 2019 ✅❤️,0
129,Breathtaking View of Crashed UFO - Recorded by 2 Witnesses in Australia,0
130,How to Prepare for the Boom of Instagram Local Business Profile Pages by @ashleymadhatter,0
131,Innolith battery technology will bring electric cars with 600 miles of range,0
132,Keith Urban's thank-you video.,0
133,Chefs pick CBD- and cannabis-infused food as this year's hot trend at restaurants,0
134,The UK is going after Big Tech over harmful content: Here's why it matters,0
135,UK court dismisses appeal against Mallya extradition,0
136,U.S. Ethics Office Declines to Certify Mnuchin’s Financial Disclosure,0
137,"British military called on to strip the Sultan of Brunei of honorary appointments awarded to him by the Queen, as backlash against new anti-LGBT laws grows",0
138,Propecia Nedir? İşe Yarıyor Mu? Nasıl Kullanmalı? Yan Etkileri Neler?,0
139,Faster Adoption and Manufacturing of Hybrid and Electric Vehicles,0
140,Tomorrow: Israel votes for the 21st Knesset,0
141,Russia moves to free nearly 100 captive whales after outcry,0
142,Romania-Based S.N.T.G.N. Transgaz S.A. 'BB+' Rating Withdrawn At Issuer's Request,0
143,cpi instructor training course,0
144,Vé Máy Bay Giá Rẻ Đi Hong Kong Đặt Mua Nhanh Chóng Tại Én Việt,0
145,"These NBA Dancers Spin, Shimmy And Twerk. And They're All 50 Or Older",0
146,Body found in back seat at US-Canada border | Miami Herald,0
147,Dutch F-16 fighter jet forced into emergency landing after shooting itself,0
148,"A British woman is facing two years in jail in Dubai for calling her ex-husband's new wife a ""horse"" on Facebook, campaigners have said.",0
149,"At Apple, Steve Jobs divided people into 2 groups—'insanely great' and 'crappy'",0
150,Terrell Owens' Memorabilia Auctioned off After HOFer Didn't Pay Storage Company,0
151,"US Homeland Security chief Nielsen 'leaving her position', tweets Trump",0
152,Beneficios de de Hoja de Berenjena Africana - Una Hortaliza muy Demandada,0
153,"Man with rifle enters HS in Batavia, IL",0
154,"Doctor Vows Never To Treat Any Policeman, After Bitter Experience With Them",0
155,Carnival đường phố mở màn Lễ hội Du lịch biển Sầm Sơn 2019,0
156,Carnival đường phố mở màn Lễ hội Du lịch biển Sầm Sơn 2019,0
157,South Dakota governor's coyote killing tweet causes controversy,0
158,Top Broken glass repair Service in DC | Contact us,0
159,‘Eviction’ notices placed on doors of Jewish students at Emory University,0
160,#LokSabhaElections2019 : पहले चरण में ये हैं लोकसभा चुनाव के पहले चरण के...,0
161,Soul Search in Cyber Space!,0
162,بالفيديو.. أسرع عمال بالعالم .. لن تصدقوا أعينكم,0
163,"Manager offloaded from Lahore airport, under NAB custody",0
164,Carnival đường phố mở màn Lễ hội Du lịch biển Sầm Sơn 2019,0
165,@rokambola : Post Edited: Cómo organizar y acelerar tus descargas desde el PC http://bit.ly/2P0QRGI,0
166,tom and jerry:cheese chasing maze game - amazing game tv,0
167,FOs of Future Past,0
168,Saç Ekimi Kaç Yaşında Olmalı? Saç Ekimi İçin İdeal Yaş Nedir?,0
169,Colour Gel for Nail Art,0
170,Retractable Awnings - Arizona Retractable Awnings Company,0
171,Trump's homeland security chief resigns,0
172,Cumali Ceber 2 Allah Seni Alsın 1080p Sansürsüz İndir / İzle,0
173,"Cleaning Marble Floors, Marble Cleaning Services Miami Area",0
174,Trump forcing Kirstjen Nielsen to resign is his next step toward authoritarianism,0
175,Three workers killed after falling into pit at local factory,0
176,Scientists have found a 'fossil graveyard' linked to the asteroid that killed off the dinosaurs 'Fossil graveyard' linked to asteroid that killed dinosaurs,0
177,Public Adjuster Florida,0
178,Google Tests More Graphical Google My Business Dashboard,0
179,Best Website Development Service Provider Company Can Make a Difference,0
180,How does this happen?,0
181,Watch Dogs 3 will be set in London – report,0
182,Vice Admiral Bimal Verma approaches court against appointment of Vice Admiral Karambir Singh as Navy chief,0
183,Trump Democrats Would Leave Israel Out There,0
184,Choose the Affordable Interior Designers in Woodbridge,0
185,Select Smart Homes in ATS Rhapsody Greater Noida West for Supreme Living by Neha Garg,0
186,Dos estudiantes chinos estafaron a Apple por casi un millón de dólares,0
187,"Marble Polishing and Cleaning Service, Polishing Marble Floors Miami",0
188,Free Netflix Cookies (08/04/2019),0
189,Google Algorithm Update Tools Going Off – Is It A False Alarm?,0
190,Amir is still best pacer in the world: Legendry Wasim Akram,0
191,Trump's homeland security chief resigns,0
192,"PHOTOS: Billionaire's Daughter, Temi Otedola’s Belated 23rd Birthday Celebration",0
193,Seek Peace In The Beautiful Temples In Hyderabad,0
194,Britain plans social media watchdog to battle harmful content,0
195,"Teens are spending $2,600 a year on food and clothes. Here's where they like to shop",0
196,61 years Old Woman gives Birth to her Granddaughter of her Gay Son,0
197,Buy Penis Pump At The Affordable Cost,0
198,16 Camera HD Systems,0
199,Trump's Pick For Acting DHS Secretary Defended Using Tear Gas On Migrants,0
200,She invented a birth control app – with some unintended consequences,0
201,Court restrains NAB to arrest Hamza Shehbaz until further orders - NC,0
202,Saudi Arabia denies that it threatened to strip the US dollar from oil trading,0
203,Mobile Homes: Last Week Tonight with John Oliver (HBO),0
204,"The 'Trump effect' is slowing climate change progress, but investors are fighting back and winning",0
205,Snap shares pop after RBC says they are at an 'inflection point' and investors should buy them,0
206,Biotechnology assignment help,0
207,Google Search Console Performance Report Gets Android App Filter,0
208,"Actress, Georgina Ibeh Shares Photos Of Weight Loss Transformation",0
209,Florida python: Massive pregnant snake caught using new approach,0
210,Jury discharged by judge in historic Barclays fraud trial,0
211,Buy Bondage From Adult Store At An Affordable Price,0
212,"To Get Trump’s Tax Returns, N.Y. Democrats Try a New Strategy",0
213,Batavia High School on lockdown after report of person armed with rifle entering school,0
214,FOs of Future Past,0
215,Pain Management Devices | New Study Shows High Proven Efficacy Of Devices in Treatment of Chronic Pain,0
216,Top Quality Rabbit Vibrator &amp;amp; Adult Sex Toys Available In Chhattisgarh,0
217,"4 món đặc biệt nhất ở Vân Nam, người địa phương quý như vàng, 90% người nước ngoài sợ hãi",0
218,A-General Drain Cleaning Service Ocean County NJ Available For 24/7,0
219,"In the BJP manifesto, the loan of Rs.1 lakh on the Kisan Credit Card will be free of cost, all the farmers will be entitled to the Honorary fund",0
220,Book Best Goa Vacations Holiday Tour Packages,0
221,Bờ biển vắng thành nơi hút khách nhờ nước phát sáng,0
222,Bờ biển vắng thành nơi hút khách nhờ nước phát sáng,0
223,"The Top Places To Visit In Jalandhar, The Former Capital Of Punjab",0
224,XXX Porn Video - Big Boobs Milf Tahnee Rheina Shine,0
225,Exercising for 10 minutes-a-day is enough to save off disability from arthritis,0
226,FUTO Reveals Names Of Students That Died During Romp With Female Student,0
227,Milomir Seslija Berharap Pemain Bisa Jaga Harga Diri Timnya,0
228,Google Still Working On Reindexing Pages That Dropped Out Of The Index From Thursday,0
229,May Your Enterprise Be Main You In direction of Burnout? Transact a Self-Evaluation Utilizing the 5 Phases of Burnout,0
230,Great Online Shopping Hacks for Exciting Deals,0
231,Bờ biển vắng thành nơi hút khách nhờ nước phát sáng,0
232,"방탄소년단 지민, 인성도 으뜸!...함께한 댄서들 일일히 포옹!",0
233,"@rokambola : Post Edited: La atmósfera de la Tierra está perdiendo oxígeno, y los científicos no saben muy bien por qué http://bit.ly/2UlzUfO",0
234,Pennsylvania governor under scrutiny for role in approving pipeline,0
235,Purchase Trusted Holle Organic Infant Formula Online,0
236,Belani Zest Kolkata,0
237,"Judge Jeanine Pirro Will Receive The St. Barnabas Hence Award On April 25th, 2019.",0
238,School girl arrested on suspicion of murdering new born baby,0
239,Need lead sheet replacement service Contact the experts now!!,0
240,GTD,0
241,Top 5 Destinations to Visit in Georgia,0
242,Exciting Places To Visit In Jabalpur For A Wonderful Vacation,0
243,Entire Baltimore City Council calls for Mayor Catherine Pugh's resignation,0
244,Google Expands Audience Reviews To Music,0
245,University of Kansas to offer 'Angry White Male Studies' course,0
246,"Family drove home to Canada with dad’s body to avoid U.S. hospitals, officials say",0
247,University to offer 'Angry White Male Studies' class this fall,0
248,A Muslim in a catholic school can’t read or write,0
249,"Nordic countries have ""disturbingly high levels of rape"", says Amnesty - Voice of Europe",0
250,Upgrade the Look of Your Kitchen!,0
251,The Ultimate Guide To Cutting Costs On International Trips,0
252,aloe vera face wash,0
253,Man Explains How He Saved His Family From Kidnappers On Their Way From Church Program,0
254,Why is eating Pork forbidden by our Creator?,0
255,Get Hassle-free Business Operations with Coast Accounting and Auditing (CAA),0
256,ORIGINAL NETWORKING CABLE LAN ETHERNET FOR ONLY 3$!!!,0
257,"Doha reveals what happens to citizens of the ""boycott countries"" if expelled from Qatar. - Qatarviral",0
258,Raipur – A Touch Of Old And New,0
259,Airbus Corporate Jets highlights ACJ319 at ABACE show,0
260,Google Impact Challenge Dancers,0
261,franchise opportunities in india,0
262,"Man Who Was “Resurrected” By Controversial South african Pastor, Alph Lukau Reportedly Dies",0
263,Live Cell Encapsulation Market | Latest Industry Trends and Revenue Growth Scenario - ArticleTed - News and Articles,0
264,Has The Bitcoin (BTC) Bear Trend Officially Ended? | NewsBTC,0
265,The stock market is poised to overtake its record high set back in September,0
266,Things to be considered before buying PTFE Syringe Filter - simsiisyringefiltersonline.over-blog.com,0
267,The Top 2019 Bathroom Trends,0
268,anonymous dna testing,0
269,Things to Know Before you Buying Inventory Management Software to your business in Dubai,0
270,Few Americans think they're getting a Trump tax cut: NBC/WSJ poll,0
271,Top 8 Online Shopping Websites in India,0
272,"Xuất Khẩu Từ 3 Thị Trường Mới Canada, Mexico, Peru Khi Hiệp Định CPTPP Được Thông Qua",0
273,Sandy Hook Families Want to Hobble the Gun Industry With Tactics From Tobacco Litigation,0
274,Give Your Classic Wedding a Modern Touch,0
275,#ZamfaraKillings: Nigerians In London Protest At The High Commision,0
276,Glass restoration kit,0
277,Starting a Headhunting Agency in Dubai – Aldhia,0
278,Give me your opinion peeps--Public Policy poll on GENTRIFICATION,0
279,California's law banning gun magazines goes back into effect,0
280,The Ultimate Round-Up of Content Marketing Tips,0
281,Top Tips for Remodeling a Bathroom,0
282,Car Rental App UI Concept | Mobile App Development Company,0
283,"About 1 in 4 Japanese adults in their 20s and 30s are virgins, says study",0
284,Shop For Branded Electro Sex Toys From Pleasurejunction In Kozhikode,0
285,GE shares dive after downgrade by top analyst Tusa at JP Morgan; Price target cut to $5,0
286,Best Wholesale Seamless T Shirts Manufacturer and Supplier in USA,0
287,Elita Garden Vista,0
288,U.S. Based Franchisor - Franchise &amp;amp; Licensing Law Attorneys,0
289,@rokambola : Post Edited: Científicos desarrollan la píldora anticonceptiva masculina (y parece que funciona) http://bit.ly/2UocRRz,0
290,FOs of Future Past,0
291,Facebook leaks (Again) sensitive data of at least 540 million users,0
292,“Baba Go Slow Needs To Hurry Up” – American's Bloomberg Mocks Buhari Over Nigeria’s Failed Economy,0
293,मिलिए पहले चरण के POLITICAL धन्नासेठों से,0
294,8 Places That One Should Visit In The Wonderful City Of Aurangabad,0
295,Energy RTDS,0
296,"To Get Trump’s Tax Returns, N.Y. Democrats Try a New Strategy",0
297,Online Invoicing Application - Moon Invoice,0
298,MRO Insider’ - Digital One-Stop-Shop for aviation maintenance service,0
299,Secret Service Drives Hard to Protect the President,0
300,"Trump administration set to designate Iran’s Revolutionary Guards as terrorist group, report says",0
301,"Best E-commerce Website Developing Site in India, Bangalore",0
302,@rokambola : Notifly permite leer y responder mensajes de WhatsApp sin abrir la aplicación http://bit.ly/2D2s5B3 http://bit.ly/2VvbLjD,0
303,Rhino poacher killed by an elephant and then 'devoured' by lions,0
304,North Korea Offers Rewards for Citizens Reporting on Illegal Activity,0
305,Signs You Need HVAC Replacement,0
306,23 Top PPC Experts You Should Follow in 2019 by @LisaRocksSEM,0
307,Suspected rhino poacher killed by elephant then eaten by lions in South Africa,0
308,Pinterest sets its IPO price range at $15 to $17,0
309,Addiction Counselling edmonton,0
310,HOW AND WHY YOU SHOULD CONDUCT A COMPANY AUDIT?,0
311,PKT Program Brings Positive Prospect for Entrepreneurs,0
312,"They told me if I voted for Trump, racists would be emboldened, and they were right!!",0
313,Gk and Current Affairs Question &amp; Answer 7 April 2019,0
314,Importance of HVAC Preventive Maintenance,0
315,"Ametek Antavia, Embraer partners for wheel maintenance",0
316,Lawyers in casa grande,0
317,Is Nigeria’s mutual fund industry a duopoly dominated by two fund managers? |,0
318,Chilli compound slows lung cancer progression: Study,0
319,Get Proper Ashtanga Yoga Teacher Training in India,0
320,Carlos Ghosn: Nissan ousts former boss from its board,0
321,mcafee.com/activate | www.mcafee.com/activate,0
322,How to Set Up a Small Business Web Page,0
323,What are the Documents Required For Applying For An Import Export Code Or IE Code?,0
324,3 Florida congresswomen denied access to largest child detention center in U.S.,0
325,3 Points Why SEM Is Important for Your Business,0
326,Dhaaarrr. . Warga Singosari Gempar Gara-Gara Ledakan Mirip Bom,0
327,Sinh viên Báo chí tổ chức triển lãm hướng đến cộng đồng LGBT,0
328,Say Hello To Backwater Tourism With These Places To Visit In Kollam,0
329,CPI Property Group's Proposed Subordinated Hybrid Bond Rated 'BB+',0
330,"방탄소년단 지민, 월드투어 마지막 방콕 콘서트에서 열정적인 무대에 관객들 매료~",0
331,"@rokambola : Post Edited: Movistar Premium Extra ahora es gratis hasta 2018 para nuevas altas, e incluye todo el deporte http://bit.ly/2VtktyI",0
332,The Right Option Is To Buy Furniture Online What?,0
333,"Watch highlights WrestleMania 35 KofiMania, Becky 2 Belts, Doctor of Thuganomics John Cena, and more",0
334,New Chrome Feature May Negatively Impact Publisher Revenues by @martinibuster,0
335,Steps to Install Subtitles on Kodi.,0
336,Massive Cube on Lancang Island Installed,0
337,Grow Your Business through Social Media Marketing,0
338,AIS 140 Location Tracker Device,0
339,Beto O’Rourke on Benjamin Netanyahu: ‘Racist’,0
340,FOs of Future Past,0
341,Can Unsecured Credit Card Sue You?,0
342,@rokambola : Post Edited: Los consejos de los médicos si quieres perder peso y adelgazar http://bit.ly/2Gwe1nB,0
343,Tugo bán 200 suất tour nội địa từ 39.000 đồng tại Hội chợ du lịch TP HCM,0
344,Tugo bán 200 suất tour nội địa từ 39.000 đồng tại Hội chợ du lịch TP HCM,0
345,VIDEO: Dangote Reveals How He Withdrew $10m From His Account Just To Be Sure He Is Indeed Rich,0
346,"Bulk Flannel Jumpsuits Wholesale Manufacturer in USA, Australia, Canada",0
347,Tugo bán 200 suất tour nội địa từ 39.000 đồng tại Hội chợ du lịch TP HCM,0
348,HP printer is not printing in black ink,0
349,The Division 2’s Signature Ammo problem being investigated,0
350,Online Marketing Tools That Help Small Businesses,0
351,"ICE arrests: In Texas, biggest illegal immigration bust in decade at CVE Tech",0
352,Starting a Headhunting Agency in Dubai,0
353,Giải quyết bài toán về nhu cầu căn hộ cao cấp ở Long Biên,0
354,Target Drones Market by Engine Types Applications &amp; Geography 2015-2025,0
355,Khách sạn cao nhất Đông Nam Á sắp đi vào hoạt động,0
356,Different Types Of Traffic And Car Signs And What Do They Mean,0
357,Photographers on the Big Island,0
358,Tennessee man accused of killing mom who was 'driving him crazy' asked co-workers for help with alibi: Police,0
359,Art Performances at Thousand Island Plaza Run Lively,0
360,Article Submission Directory,0
361,Kerala Lottery Result Today Win Win (W-507) live 08.04.2019 Monday,0
362,Why Website Costs Are Negligible,0
363,Soothe Your Soul In Ludhiana,0
364,कौन बनेगा #MP? क्या कहती है होशियारपुर की जनता || JANTA TV,0
365,Sunday service unites parishioners after three historic black churches go up in flames,0
366,Why you should buy a personalized handmade gift for your love,0
367,12x Unimaginable Hyperlink Constructing Program For 2019,0
368,Branded Sex Kit For Women Available At Low Price In Coimbatore,0
369,"And Now, the Most Instagrammable Sandals Just in Time for Spring",0
370,All You Need To Know About Modern Day Saviour - Internet Fax Services,0
371,Malhi advocates ABCDE mantra for good health,0
372,"Flannel Jumpsuits Wholesale Manufacturer in USA, Australia, Canada",0
373,Global Cannabis Oil Market Research Report 2019-2024,0
374,"Suspected poacher killed by elephant, body devoured by lions: Officials",0
375,"Electricity Providers To Start Charging Nigerians Between N36,000 And N67,000 For Electricity Meters",0
376,इन 20 राज्यों के 91 सीटों पर होगा पहले चरण में मतदान #LokSabhaElections ...,0
377,British woman faces jail in Dubai for 'insulting' ex-husband's new wife on Facebook,0
378,Khách sạn cao nhất Đông Nam Á sắp đi vào hoạt động,0
379,Khách sạn cao nhất Đông Nam Á sắp đi vào hoạt động,0
380,When karma hits a Muslim terrorist: Facebook claims this video violates its community standards,0
381,Model máy thái thịt tươi sống phù hợp cho quán phở,0
382,UPबोर्ड की 10वीं और 12वीं की परीक्ष,0
383,Why You Need Online Marketing Tools for Your Website,0
384,Đuông dừa nướng béo ngậy cực ngon của người Thái,0
385,"47 New Clothing Items Updated on Bellelily April 4, 2019",0
386,Starting a Headhunting Agency in Dubai - Aldhia,0
387,Fiat Chrysler to pay Tesla hundreds of millions of euros to pool fleet,0
388,"Oil climbs to 5-month high amid OPEC cuts, US sanctions and Libya fighting",0
389,राजनाथ सिंह ने बताई 'संकल्प पत्र' की खास बातें,0
390,FOs of Future Past,0
391,"Buy Texas Tech vs. UVA National Championship tickets for cheap here! Game is tonight, 8 PM CST in Minneapolis, MN!",0
392,How to experience the best of New Zealand?,0
393,संकल्प पत्र जारी कर बोले मोदी - ये है उनका लक्ष्य,0
394,"""ㅈㄱ이가 ㅈㄱ에게♥""···방탄 정국이 절친 여진구에게 보낸 '세젤귀' 간식차",0
395,Trump says he made Golan Heights decision after a quick history lesson Russia will never give back Japan the islands they have. But that is another lobbying bunch running that.,0
396,WHO: New approaches needed to protect patients,0
397,PHOTOS: Young Man Caught And Stripped Naked While Trying To Have Gay Sex In Delta,0
398,Corporate Limo Service,0
399,Benefits of Professional Web Design and Hosting Services,0
400,Top Notch Merits Of Carpet Cleaning Services?,0
401,US pulls forces from Libya as fighting approaches capital,0
402,The Ultimate Guide to Google Analytics in 2019,0
403,Employees with High-Functioning Autism Make Their Mark in IBM and Other Stories,0
404,देश का गौरव आसमान छू रहा है – अमित शाह,0
405,Chất Lượng Của Máy Phát Điện Yarmax Thế Nào?,0
406,"Delhi: Quack gets 6 months jail, Rs 40,000 fine",0
407,How a Well Designed Website Can Help Your Startup's Performance,0
408,Is China starting a second Holocaust?,0
409,Samhallsbyggnadsbolaget i Norden 'BB' Ratings Put On CreditWatch Positive On Equity-Weighted Refinancing Plan,0
410,@rokambola : Nueva Entrada: Consigue unas pestañas más largas usando aloe vera http://bit.ly/2OJKN3l,0
411,"âIn a period of a little over 24 hours this weekend, 24 people were shot in Chicago, including three children under 13â",0
412,British Housing market stabilizing,0
413,Russian warships arrive in the Philippines amid rising South China Sea tensions,0
414,Agen Togel Online Terpercaya - Bandar Togel Online Terpercaya,0
415,Widen Your Business Reach With the Help of Internet Marketing,0
416,"Autistics must be heard, included, educated, advocated for: Experts",0
417,"Polish teachers go on strike over pay and education ""deform"" after talks with government fail.",0
418,Satisfy Your Insatiable Passions With Eros Companions,0
419,Best News: *GYMNAST BREAKS BOTH LEGS* GRUESOME TO WATCH = in da gymTM(R),0
420,"Shop now for Funko POP vinyl figures, toys, and bobbleheads at our funko pop online store. Orders over $50 get free shipping in the US",0
421,New Land Rover Defender Interior Interior | Car Review,0
422,Why natural gas will thrive in the age of renewables,0
423,Nigeria's industrial sector shows growth prospect despite poor electricity,0
424,"Oil markets will see 'much more upside than downside,' Citi strategist says",0
425,Discussing Some of the Useful Perks of Scottish Trust Deeds,0
426,Teacher at top London secondary school can\'t read or write,0
427,Make your property stunning with excellent glass fencing,0
428,Tease Tits With Nipple Vibrator Sex Toys In Surat &amp;amp; Feel The Sensation,0
429,Luxusferienhäuser am Fleesensee,0
430,@rokambola : Nueva Entrada: PayPal cambia las condiciones de las devoluciones y cabrea a los vendedores http://bit.ly/2D4eTvt,0
431,Travel News Sites List | Tons of authentic traveling news which proves to be a good escort during journey and source to get an insight about traveling,0
432,Niềng răng thưa có đau không? Cách giảm đau khi niềng,0
433,Puente Grúa Con Cubo Del Gancho Agarrador - Ellsen Grúas,0
434,Lady's Graduation Dress Gives Massive Br3ast Revelation (Photo/Screenshots),0
435,Find the Best Quality Donor Recognition Trees - Donor Recognition Trees are perfectly designed products for fund raising and on-going donation programs.,0
436,Stamp Duty Non-remittance: RMAFC to probe banks over N100bn |,0
437,IFC Development's Proposed Senior Unsecured Notes Assigned 'A' Rating,0
438,Best Debt Advice in Scotland to Pay Off All Your Debts,0
439,Lưu ý quan trọng để mua được bộ ghế sofa da chất lượng,0
440,Convert-Mac-OLM-To-PST,0
441,Mumbai's Global Hospital releases film on Universal Health Care,0
442,Why Your Restaurant Needs a Website,0
443,Michael Anyimah moves from Zenith Bank to First Bank,0
444,How thetrust deed in Scotland helps you?,0
445,13 Thói quen trước khi đi ngủ gây ảnh hưởng tới sức khỏe,0
446,Carlyle Group to buy up to 40% stake in Spanish oil company from Mubadala,0
447,Kabin Kayu Jadi Tempat Populer di Dunia,0
448,"A Mysterious Infection, Spanning the Globe in a Climate of Secrecy",0
449,"Tottenham Vs Manchester City : Champions League Match, Goal Scorers and Stats",0
450,#LOK_SABHA चुनाव के लिए #BJP ने जारी किया अपना 'संकल्प पत्र',0
451,41% of Americans wrongly believe they will soon need a visa to Europe,0
452,75 Percent of Spanish Cannabis Contains Human Faeces,0
453,Fighting flares in battle for Tripoli despite UN appeal for ceasefire in Libya,0
454,Hire Female Fetish Models For Satisfying Your Erotic Desire,0
455,4 Web Hosting Functions That Will Help Your Business,0
456,Why People Prefer Buying a Home During Navratri? - Vikas Sharma,0
457,[107.74 €] Langärmeliges Boot-Ausschnitt Meerjungfrau Bodenlanges Abendkleid aus Organza - Gillne.de,0
458,Báo nước ngoài giới thiệu bia trứng Hà Nội,0
459,Exploring the Benefits of Government Debt Help,0
460,Báo nước ngoài giới thiệu bia trứng Hà Nội,0
461,Puente Grúa Electromagnética - Ellsen Fabricante De Grúas,0
462,"In San Francisco, Making a Living From Your Billionaire Neighbor’s Trash",0
463,Google’s John Mueller Explains How to Rank Inner Pages by @martinibuster,0
464,अकाली नेता विपन सूद से #JANTA_TV की खास बातचीत,0
465,BJP releases poll manifesto for 2019 Lok Sabha Elections,0
466,Why Professional Area Rug Cleaning Services Is A Great Investment?,0
467,Passenger vehicle sales dip 2.96% in March,0
468,Báo nước ngoài giới thiệu bia trứng Hà Nội,0
469,Top Gainers and Losers on the Nigerian Stock Exchange YTD April 6 2019,0
470,Motel 6 will pay $12 million to settle lawsuit after sharing guest info with ICE,0
471,Automatic Girl Female Sex Machine Pussy Pump Dildo Vibrator In Mumbai Chennai Bangalore,0
472,Bệnh viện thể thao Việt Nam ở đâu?Bệnh viện thể dục thể thao tốt không?,0
473,Why You Need Domain Hosting for Your Website,0
474,i.redd.itTrendsLive in the blog,0
475,Blizzard LOWBAR1 Low Height Back Bar Bottle Cooler,0
476,Vikas Sharma,0
477,Here is What You Need to Know about Global Tendering,0
478,"Endowed Actress, Anita Joseph Twerks Up a Storm As Sends a Message to Her Haters (Video)",0
479,Secure your data from the hackers through the router new feature.......,0
480,NewYork Letest News,0
481,Puente Grúa Metalúrgica - Ellsen Fabricante De Grúas,0
482,@rokambola : Nueva Entrada: Prepara esta planta en infusión y limpia tus riñones http://bit.ly/2TnppEI,0
483,Wonderful Patio Door Glass Repair Service at Tysons Corner VA,0
484,UK faces Brexit reckoning with no-deal deadline just days away,0
485,Top Bike Helmet Brands in India - Aaron Helmet,0
486,"Find The Best Treatment at C.W. Williams, a Top FQHC in North Carolina",0
487,Burleson Custom Home Builders,0
488,Three Tips to Consider When Planning For an International Tour,0
489,Five home business ideas for housewives,0
490,Bandara Soekarno-Hatta Setengah Selesai,0
491,Yeniden sayılan geçersiz oyların %90’ı bitti. Son durum açıklandı,0
492,TNPSC AAO Result 2019 | Assistant Agricultural Officer Cut Off &amp; Merit List,0
493,Mirwaiz Umar Farooq Appears Before NIA in Terror Funding Probe - India Legal,0
494,Spending Too Much on Business? Hire an Accountant Playa Del Rey,0
495,"After Years of Denying it, Israel Finally Admits to Sterilizing Black Ethiopian",0
496,Mumbai: Wadia docs save 3-month-old having severe brain infection,0
497,Bọc răng sứ có ảnh hưởng gì không? - 2 Tác hại của việc bọc răng sứ,0
498,Is a Business Website More Effective Than a Facebook Page?,0
499,Mùa hoa ô môi hồng rực rỡ ở miền Tây,0
500,"Global Polyacrylate Market Size &amp; Share - Industry Report, 2018-2026",0
501,Buy Pulls Knobs Online At Hardware-4-Me,0
502,Daddy Freeze Accused of Taking N100k Bribe From Artistes Before Playing Their Songs on Radio,0
503,Mùa hoa ô môi hồng rực rỡ ở miền Tây,0
504,Why Paving Patios Is Considered Significant? Know Here!,0
505,Tips on Choosing The Best Quality Bike Helmets Online,0
506,Trumps lawyer calls Mueller invesigators slimey and unethical.,0
507,This Morning Bangladeshi and Malaysians Killed,0
508,Know the Benefits of Buying Funeral Supplies Online,0
509,"Find The Best Treatment at C.W. Williams, a Top FQHC in North Carolina",0
510,"Naidu advocates shunning of sedentary lifestyle, junk food",0
511,ОН МОЧИЛ ВСЕХ ПОДРЯД УКУПНИК О ВЫСТУПЛЕНИЯХ ЗЕЛЕНСКОГО,0
512,Chicago police union announce no confidence vote on Smollett prosecutor Kim Foxx,0
513,Why Hire a Web Design Company,0
514,G Spot Vibrator Are Best Stimulating Sex Toys In Lucknow,0
515,Store Your Food Products With Proper Pantry Storage Cabinets With Doors,0
516,Advantages of Purchasing From Ford Car Dealerships - In the current economical climate making sure that you get the best deal possible is important for any purchases no matter how large or small.,0
517,BJP releases manifesto for 2019 Lok Sabha elections - India Legal,0
518,Enjoy best beer in the world at Hagerstown MD | Call on (301) 739-0757,0
519,Steps to Configure Roadrunner Email With Outlook 2010 Using POP Settings.,0
520,Primarc The Soul Kolkata,0
521,Find pulwana attack Daily News covers only at breaking news,0
522,4 Ways To Find The Right Upsc Coaching Center In Kolkata - 123ArticleOnline,0
523,CII Annual Session 2019: launches the,0
524,Best web design company in the world,0
525,"Five Pakistanis, startup make it to Forbes 30 Under 30 Asia list: Hats off",0
526,Digital Marketing Training with Placement provides Acquaint Knowledge,0
527,B.C. minor hockey coach finds kidney donor after appeal from team,0
528,Pendukung Jokowi - Ma'ruf Bentrok di FPI,0
529,Britain plans social media regulation to battle harmful content,0
530,"Epoxy Resins Market Size, Share - Industry Trends Report, 2026",0
531,Enjoy Fun and Sensuality with Alice,0
532,Aufstieg der Erde und der Lichtkörperprozess,0
533,Quy trình trám răng thẩm mỹ tại Nha khoa Đăng Lưu,0
534,Get A Comfortable Ambience With Perfect Bathroom Accessories,0
535,Gain Expertise In Automation With Practical Supervision In Scientific Fields - 123ArticleOnline,0
536,Two Hindu Sena members held for shutting meat shops during Navratri,0
537,"Ex-Nigerian Captain, Christian Chukwu Serious Ill, Needs $50,000 For Medical Trip Abroad",0
538,France will not take back ISIS jihadis and their families following furious backlash,0
539,"Fracking Chemicals Market Size &amp; Share - Industry Report, 2018-2026",0
540,The Rudiments Which Can Help A Business Firm Accentuate Its Market Position,0
541,اكبر واعظم مأدبة افطار في العالم منتصف رمضان 1440 هـ - صنعاء - ميدان الس...,0
542,Physician Recruiter Firm in Florida | MASC Medical,0
543,Give The Finishing Touch Your Refurbished Cabinets Need,0
544,Tiến độ Dự Án Phú Cát City,0
545,"MPSRLM Accountant, Assistant District Manager Admit Card 2019 @ mponline.gov.in",0
546,Sydney Assault Charges,0
547,Apollo Silicone Dildo | Silicone Dildo |Giant Silicone Dildo In Mumbai,0
548,"Electronics &amp; Consumer Goods Plastics Market Share, Size, Trends, Industry Analysis Report, 2018-2026",0
549,Give a Beautiful Life To The Street Children,0
550,Madrid Bans Airbnb Units Without Private Entrances,0
551,Buy Cabinet and Closet Organizers From Online Store,0
552,Optical Bonding Services - Optical bonding refers to a protective glass that is glued in front of a display to enhance its readability where installed in high humidity outdoor environments.,0
553,@rokambola : Nueva Entrada: 7 Trucos para hacer crecer la barba más rápido http://bit.ly/2zOGqPo,0
554,"Khách Trung Quốc uống hết 2,5 lít sữa vì không muốn bị tịch thu",0
555,London launches an ultra-low emissions zone for traffic — drive a modern enough car or pay £12.50 per day,0
556,"You can follow either of the ways to mend webroot.com/safe. If you discover it tough to troubleshoot the error then contact Webroot Support for advanced help. Also, connect with the support team using the link www.webroot.com/safe for the advanced troubleshooting steps.",0
557,Dutchman ends 'world's longest electric car trip,0
558,"Gunmen Kidnap Lagos Fire Service Director, Six Others",0
559,SAD: Rotor blade of a helicopter cut off Air Chief Marshal’s Head,0
560,SC refuses urgent hearing to plea challenging Madras HC order banning downloading of TikTok app - India Legal,0
561,Sivanna Health - Integrative Doctor Sydney,0
562,"Tại sao gan ngỗng trở thành món ăn xa xỉ còn gan gà, gan vịt thì không thể",0
563,"Khách Trung Quốc uống hết 2,5 lít sữa vì không muốn bị tịch thu",0
564,Health and Safety Executive ends,0
565,Timmothy Pitzen: Ex-convict charged with pretending to be long-missing boy,0
566,Shop For The Perfect Piece Of Party Wear From The Online Store,0
567,Cost Savings Advantages of uPVC Replacement Windows,0
568,Why One Should Select A Laundry Firm?,0
569,"Ini Beberapa Permintaan Konyol Artis sebelum Manggung, Kalau Raisa Apa Ya?",0
570,Is real estate only about affordable housing? - RealtyMyths,0
571,Tucson Dui Lawyer,0
572,어제자 방콕 콘서트에서 '민트머리+꽃무늬 셔츠'로 역대급 미모 경신한 방탄 뷔,0
573,P&amp;G to launch new waterless and plastic-free brand DS3,0
574,You Were Once a Yahoo Boy - Fan Accuses Adekunle Gold After Simi Stand Against Yahoo Yahoo,0
575,Purchase Branded Nalone Luxury Vibrator Sex Toys For Women In Kolkata,0
576,Global Baggage Handling System Market Outlook 2025,0
577,Holmes blackboard login,0
578,What is material information?,0
579,press release distribution,0
580,حصريا - أسعار الفحوصات الشاملة في تايلاند - أخر عروض برنامج فحص القلب معنا,0
581,Mini English Bulldog Puppies For Sale In Dallas,0
582,How to do HP Printer wi-fi Setup?,0
583,Top Notch Benefits Of Utilizing Dry Cleaning Services,0
584,Cirebon Akan Tawarkan Pembuangan Sampah,0
585,In Plain English: SEC Publishes Guidance on Tokens as Securities,0
586,Non Explosive Demolition Agent,0
587,"UN supports new design for floating cities moored to seabed, 1 mi. from coast, for 10k people, withstanding tsunamis, hurricanes. Cities would protect from rising sea, address lack of affordable housing in major cities. Ocean farms would grow food below surface. Aquifers pull clean water from air.",0
588,Why is Dubai so strict?,0
589,Collapsible Rigid Containers Market will grow outstandingly during assessment period 2018 to 2025,0
590,Nipsey hussle fans make Memorial at Kodak Black concert in Virginia,0
591,Блокировка счетов! Силовики смогут приостанавливать банковские операции ...,0
592,Israeli Armor at Gaza Ready to Cross the Border!,0
593,English Bulldog Breeders For Sale In Texas,0
594,Southeast Asia may not be the next 'factory of the world' even as production moves away from China,0
595,Centre allowed Pulwama attack to help PM win election: Farooq Abdullah,0
596,Angola Plans Manufacturing Russian Military Equipment,0
597,أسعار الفحوصات الشاملة في تايلاند - أخر عروض برنامج فحص القلب معنا,0
598,"The US Secretary of Homeland Security Kirstjen Nielsen, who enforced some of President Trump's controversial border policies, has resigned.",0
599,Important Role of Best Job Consultancy in UAE.,0
600,Roof Replacement,0
601,Scientists just captured a record 17-foot-long python in Florida,0
602,Beer Saver – The Ultimate Key To Grow Hospitality Business @ You should always remember that Beer Saver is the company that you can always trust if you are planning to grow your bar cum hospitality business.,0
603,@rokambola : Post Edited: Todas las mentiras de Trump sobre el clima para sacar a EEUU del Acuerdo de París http://bit.ly/2FS0Lrq,0
604,Carpet Cleaners in Kansas City MO - Professionals are specialists in their tasks,0
605,Authorized Skoda Service Centers Are The Safest Bet,0
606,The Anti-Semitism Of Ilhan Omar Continues!,0
607,English Bulldog-Bring Home The Gentle And Protective Dog,0
608,"#LIVERPOWER: Carbon 60 Celery Juice, WONDERTWINS #ADHDElixir",0
609,Karya Island People Receive Three Quintals of Seaweed Seeds,0
610,Trump's homeland security chief resigns,0
611,AS OF NOW THE BEST MANUFACTURER,0
612,Shower Head,0
613,@rokambola : Post Edited: Remedios caseros para mejorar el aspecto de las uñas http://bit.ly/2B5oRMI,0
614,कौन बनेगा #MP ? क्या कहती है JALANDHAR की जनता || JANTA TV,0
615,Jokowi Menjanjikan Jembatan Batam-Bintan,0
616,English Bulldog Makes A Great Pet For Your House,0
617,3 Tricks to Learn How To Trade In Stocks Online In Record Time,0
618,Restoring Daraa's Health Care Sector After Cleaning it from Terror,0
619,"भाजपा के 'शत्रु' बने कांग्रेस के मित्र, कहा- स्थापना दिवस पर BJP छोड़ रह...",0
620,Chick-fil-A donated to anti-LGBTQ group that bars employees from ‘homosexual acts’,0
621,Ceiling Tiles | Replacement Suspended Ceiling Tiles UK | Ceiling Direct,0
622,Woman indicted on murder charges arrested after being found naked waving gun in Waffle House,0
623,Wholesale Clothing Manufacturers Singapore,0
624,Sphynx Kittens for Rehoming,0
625,Property Maintenance Service Provider in Milton Keynes,0
626,VPN - Very Precarious Narrative. Article arguing against VPN use for privacy and anonymity,0
627,"방탄소년단 뷔, 태국공연 피날레 ""환상적인 퍼포먼스+무대 향한 열정"" 화제",0
628,Poacher killed by elephant then eaten by lions,0
629,Opt For A Safe Area To Store Your Car While Visiting Outside The City,0
630,buy real instagram followers,0
631,पूर्व केंद्रीय मंत्री ने #कैप्टन_अमरिंदर पर खड़े किए कई सवाल #JantaTV,0
632,"Radio Gives You a Broad Audience - As words of encouragement flow through the antennae then the speakers of listeners, whether they be in their cars, at work, at home or online, they are given something that is undeniably positive.",0
633,Show Styx Some Love,0
634,Buy Music Vibrator Female Sex Toys At Low Price In Delhi,0
635,Kirstjen Nielsen Out As Secretary Of Homeland Security,0
636,"Delhi High Court Private Secretary, Administrative Officer Admit Card 2019 @ delhihighcourt.nic.in",0
637,"Lịch thi đấu bóng đá hôm nay Anh, Tây Ban Nha, Cup C1",0
638,3 black churches burned in 10 days in Louisiana's St. Landry Parish,0
639,Best Digital Marketing Company In Delhi NCR,0
640,Student could face legal trouble after ‘n-word pass’ distributed at Oconomowoc HS,0
641,California sues U.S. agencies over data on vehicle emissions freeze,0
642,Gaza zoo animals evacuated to Jordan by Four Paws group,0
643,#LokSabhaElections2019 : पहले चरण में ये हैं लोकसभा चुनाव के पहले चरण के...,0
644,Estate attorneys las vegas,0
645,"‘Morally bankrupt pathological liars’ at Facebook can’t be trusted, warns New Zealand’s privacy commissioner",0
646,@rokambola : Nueva Entrada: Este desayuno todos los días te hará bajar de talla rápido http://bit.ly/2rECmgB,0
647,Xem lại bóng đá - Xem lại trận đấu bóng đá hôm qua,0
648,Cop attends Breathalyzer training too drunk to drive,0
649,Có Nên Mua Máy Hút Bụi Khô Ẩm Kouritsu Zd98-3B-80L,0
650,Annapurna Base Camp Trekking,0
651,Uber Drivers' Lawsuit Asks If London Congestion Charge Is Racist,0
652,मिलिए पहले चरण के POLITICAL धन्नासेठों से,0
653,Thunderstorm is Potential to Fall in Some Jakarta Regions Today,0
654,Đánh Giá Chất Lượng Máy Hút Bụi Khô Ướt Kouritsu Zd10-20L,0
655,Ngôi làng ở Nga biến mất mỗi khi có gió to,0
656,Ngôi làng ở Nga biến mất mỗi khi có gió to,0
657,Uber Drivers' Lawsuit Asks If London Congestion Charge Is Racist,0
658,Ngôi làng ở Nga biến mất mỗi khi có gió to,0
659,इन 20 राज्यों के 91 सीटों पर होगा पहले चरण में मतदान #LokSabhaElections ...,0
660,Bệnh viện Xây Dựng Hà Nội ở đâu?Bệnh viện Bộ Xây Dựng chuyên về gì?,0
661,"Trực Tuyến Bóng Đá - Link Sopcast, Video Highlight, Xem lại bóng đá",0
662,4 Loại thực phẩm giúp người tiểu đường kiểm soát đường huyết hiệu quả,0
663,"Elizabeth residents on edge after dogs kill 12 alpacas, 4 goats in 2 weeks",0
664,Kirstjen Nielsen: US Homeland Security chief resigns - BBC News,0
665,War Is Imminent! Russian Military Planes Lands In Venezuela Along With 1...,0
666,"Setelah Beredar Nama Menteri, Giliran Foto Kabinet Adil Makmur 2019-2024 Ramaikan Medsos",0
667,Có nên mua máy hút bụi khô ướt ZD10-30L của Kouritsu,0
668,Billionaire Los Angeles Times Owner Patrick Soon-Shiong Accused Of ‘Catch-And-Kill’ Scheme—With A Cancer Drug,0
669,전세계가 인정하는 '방탄소년단 정국' 몸속 깊이 배인 매너 무한 칭찬,0
670,Co-founder of chart-topping The O’Jays dies of cancer at 78,0
671,अकाली नेता विपन सूद से JANTA TV की खास बातचीत,0
672,timur tillyaev,0
673,Trump claims Mueller report finds 'complete and total exoneration',0
674,American troops in Libya moved out of country as violence escalates near capital,0
675,Top 9 máy hàn điện tử giá dưới 2.5 triệu đồng đáng mua...,0
676,How to Stop Baby Gas,0
677,Pain-care specialist agrees to testify against Purdue and other Opioid drugmakers,0
678,A Facebook representative landed at a man's home just to inquire about a post he wrote on Facebook,0
679,Ngắm hoàng hôn đẹp tại khu nghỉ dưỡng Sunset Sanato,0
680,Có nên sở hữu Máy cắt plasma đa chức năng Jasic CT312 hay không?,0
681,Ngắm hoàng hôn đẹp tại khu nghỉ dưỡng Sunset Sanato,0
682,Ngắm hoàng hôn đẹp tại khu nghỉ dưỡng Sunset Sanato,0
683,Phòng thờ ở Nam Từ Liêm | Địa chỉ thiết kế phòng thờ Đẹp theo phong thủy,0
684,'Tháp cơm chiên' độc đáo chỉ có ở Nhật Bản,0
685,Britain Proposes Broad New Powers to Regulate Internet Content,0
686,"Venezuelans rally to demand power, water and end to Maduro",0
687,"'Worst thing I've ever seen in my life': Neighbor describes scene as 3 dogs attack Vallejo mother, 3-year-old boy",0
688,No Collusion No Obstruction,0
689,'Tháp cơm chiên' độc đáo chỉ có ở Nhật Bản,0
690,Dog severely burned in house fire adopted... by firefighter,0
691,‘Tháp cơm chiên’ độc đáo chỉ có ở Nhật Bản,0
692,Sarah Rose Summers,0
693,"@rokambola : Nueva Entrada: WhatsDog, espía a tus contactos de WhatsApp desde iPhone Y Android http://bit.ly/2OUtCOp",0
694,"3 dead, 2 shot in Stockbridge standoff",0
695,Cách làm món thịt bò kho dưa đơn giản nhất,0
696,Alabama lawmaker: We shouldn't arm teachers because most are women,0
697,"More Documents Hidden in Jeffrey Epstein Case, Trump Connection?",0
698,@rokambola : Nueva Entrada: ¿Cuánto tiempo se tarda en conseguir un cambio físico? http://bit.ly/2PTv7jK,0
699,Facebook are 'morally bankrupt liars' says New Zealand's privacy commissioner,0
700,Equestria Girls Princess Animation Series - Twilight Sparkle Cutie Mark ...,0
701,Ray Dalio releases an app!,0
702,"방탄소년단 지민, '한국가수 최초' 솔로곡 6000만 더블 돌파 신기록 달성",0
703,EXPERTS AROUND THE WORLD ARE ALARMED OVER THESE ROBOTS,0
704,Best press release distribution service,0
705,Stanford expels student admitted with falsified sailing credentials,0
706,Missing 15 year old teen found more than 1000 miles away from home.,0
707,Quick Small Business Loan,0
708,"Disturbing Similarities in Modi's Journey from Godhra, 2002 to Pulwama, 2019",0
709,Địa chỉ thanh lý sofa Hải Dương giá Rẻ - Uy tín số 1 | Sofa chất lượng,0
710,A Family Craft With a Deadly Toll: Illegal Gun Making,0
711,3-24-19~RAW FOOTAGE FROM ANOTHER ERA REVEALS A STARTLING FIND(!)SAME PLA...,0
712,Kirstjen Nielsen resigns as Trump homeland security secretary,0
713,CẢM BIẾN ĐO MỨC SIÊU ÂM ULM-70N - Chuyển đổi tín hiệu - cảm biến áp suất,0
714,오늘(8일) 드디어 공개된 방탄소년단 신곡 '작은 것들을 위한 시' 티저,0
715,We Built The Worlds Longest Cup Phone,0
716,Hạ tầng - điểm yếu của du lịch Việt Nam,0
717,"AP News: Senate GOP game plan means more Trump nominees, fewer bills",0
718,Ruby The Hero Dog Saves Her Owners Life!,0
719,Chicago prosecutor Kim Foxx suggests race is involved in Jussie Smollett dismissal backlash,0
720,Bếp từ Cata nhập khẩu |Bếp từ Cata chính hãng cam kết giá rẻ nhất,0
721,Hạ tầng – điểm yếu của du lịch Việt Nam,0
722,Woman faces Dubai jail over horse insult,0
723,We Built The Worlds Longest Cup Phone,0
724,Tổng hợp các loại Vách Ngăn Bàn Làm Việc HOT nhất năm 2019,0
725,Hạ tầng - điểm yếu của du lịch Việt Nam,0
726,Burning Man begs festival-goers to help stop BLM from 'outright killing' the event,0
727,Italy Used 'Diplomacy' to Free an Italian Held by al-Qaeda in Syria!,0
728,@rokambola : Nueva Entrada: 30 cursos online gratis sobre Política y Ciencias Sociales http://bit.ly/2yjIAX7,0
729,Adelaide-based x-ray technology firm signs alliance with Thales Group,0
730,They Don't Want You to Know This !! The Government is Hiding it ! Watch Now,0
731,President Donald Trump CLASH with DHS Secretary Kirstjen Nielsen making her RESIGN!! (MAGA!),0
732,Nielsen resigns as DHS secretary after White House meeting with Trump,0
733,Body-cam footage of gunman in deadly hostage standoff-wounding two SWAT officers - Buzz News 24 Hours,0
734,Drawing tutorial Lotus flowers for my Son,0
735,Camera HDCVI 2.3 Megapixel VANTECH VP-200SSC - SIEU THI VIEN THONG,0
736,Defence announces first Attack Class Submarine subcontract | Australian Manufacturing,0
737,Dịch vụ đáo hạn ngân hàng tại Hà Nội với mức phí RẺ nhất,0
738,"Kobach: No, Trump does not need Congress to solve Immigration Crisis",0
739,Siêu sân bay 8 tỷ USD đi vào hoạt động ở Thổ Nhĩ Kỳ,0
740,@rokambola : Nueva Entrada: Remedio Casero para Varices http://bit.ly/2A9oq2R,0
741,China's 'junk bonds' are looking more and more attractive to some investors,0
742,"방탄소년단X할시, 타이틀곡 ‘작은 것들을 위한 시’ 피처링…작지 않은 엄청난 역대급 컬래버",0
743,Man Who Bribed Son Into Penn Guilty in $1.3 Billion Health Fraud,0
744,Siêu sân bay 8 tỷ USD đi vào hoạt động ở Thổ Nhĩ Kỳ,0
745,New hybrid technology bus hits Melbourne's streets | Australian Manufacturing,0
746,3-24-19~RAW FOOTAGE FROM ANOTHER ERA REVEALS A STARTLING FIND(!)SAME PLA...,0
747,30 Tuổi Học Nghề Gì Để Có Việc Làm Ổn Định Phát Triển Lâu Dài,0
748,"Kevin McAleenan, Top U.S. Border Enforcement Officer, Is Named Acting Head of Homeland Security",0
749,Most Brits Now Just Want To Leave With No Deal...Get Out While They Can; Poll Shows | Zero Hedge,0
750,Siêu sân bay 8 tỷ USD đi vào hoạt động ở Thổ Nhĩ Kỳ,0
751,Best News: Naked woman causing a scene,0
752,How to Create UTM Codes to Track Your URLs [UTM Builder],0
753,"Cho Yang-ho, the chairman of a South Korean group that controls Korean Air Lines Co. and transformed the carrier into one of Asia’s biggest, died Sunday in a Los Angeles hospital. He was 70.",0
754,Report: Immigrants Send $14B out of U.S. Every Year,0
755,Hạ tầng du lịch - điểm yếu của du lịch Việt Nam,0
756,"The Next Revolution With Steve Hilton 4/7/19 FULL SCREEN | Fox News Live Stream Today Apr 7, 2019",0
757,Hạ tầng du lịch – điểm yếu của du lịch Việt Nam,0
758,Hạ tầng du lịch - điểm yếu của du lịch Việt Nam,0
759,Nunes sending eight criminal referrals to Attorney General William Barr,0
760,Kirstjen Nielsen resigns after clashing with Trump over immigration,0
761,"Facebook are 'morally bankrupt, pathological liars' - NZ Privacy Commissioner",0
762,@rokambola : Post Edited: Para incrustar el audio de un video de YouTube en cualquier sitio web http://bit.ly/2Kfu8I1,0
763,"Texas man suspected of extorting pornographic images from hundreds of child victims across the country, worldwide through SnapChat",0
764,U.S. Homeland Security Secretary Nielsen resigns,0
765,"Tucker Carlson Tonight Fox News 4/7/19 | Tucker Carlson Tonight April 7, 2019",0
766,Chuyến du lịch Quy Nhơn hết 26 triệu của gia đình 6 người,0
767,Bezos hired a SpaceX vice president to run Amazon's satellite internet project after Musk fired him,0
768,Chuyến du lịch Quy Nhơn hết 26 triệu của gia đình 6 người,0
769,@rokambola : Nueva Entrada: TORTILLA DE PATATAS FACIL DE HACER http://bit.ly/2KvcFI1,0
770,miss usa sarah rose summers,0
771,Chuyến du lịch Quy Nhơn hết 26 triệu của gia đình 6 người,0
772,"Critical Missing Man from Torrance, Ca.",0
773,Furious dancers are kicked out of renowned troupe for the over-60s for being WHITE so bosses can hire more blacks &amp; Asians,0
774,Korean Air says chairman Cho Yang-ho has died of illness,0
775,U.S. Homeland Security Secretary Nielsen resigns,0
776,The 30-year-old virgin: one in 10 adults in Japan haven't had sex by their thirties,0
777,White House economic adviser calls criticisms of Trump's Fed,0
778,SEC Charges Roadrunner Transportation Systems Executives With Accounting Fraud,0
779,Australian man arrested for series of graffiti all over Japanese trains for his youtube channel,0
780,He bought the fencing coach’s house. Then his son got into Harvard,0
781,"Suspected rhino poacher killed by elephant, eaten by lions",0
782,Colin Flaherty: FBI says white people are killing black people for no re...,0
783,"Pulaski, Polish Hero of the Revolutionary War, Was Most Likely Intersex, Researchers Say",0
784,George Papadopoulos: My Ties to Trump Gave Me ‘Street Cred’ in Prison,0
785,@rokambola : Nueva Entrada: Se acabó la lentitud y los bloqueos de tu PC con este programa http://bit.ly/2Rt77k3,0
786,"To block California soda taxes, companies paid for ‘Black Panther’ tickets, fancy dinners",0
787,Baseball field set on fire by person during rain delay,0
788,Weather not looking good for SpaceX Falcon Heavy launch from Kennedy Space Center,0
789,Man filming Patriot Prayer rally acquitted of disobeying federal officer’s order,0
790,US Homeland Security chief Kirstjen Nielsen resigns,0
791,Homeland Security Secretary Kirstjen Nielsen Leaves Trump Administration,0
792,US Secretary of Homeland Security Kirstjen Nielsen Announces her resignation,0
793,Kirstjen Nielsen resigns as Trump's Homeland Security Secretary,0
794,"There's a petition to make Maria Carey sign ""All I want for Christmas is you"" in music festival in July at Quebec City, Canada!",0
795,Razor wire barriers 'stolen from Mexican border fence and used to protect homes in Tijuana after surge in crime in the city',0
796,Google’s de-indexing issue still not fully resolved but Google is working on it,0
797,@rokambola : Nueva Entrada: 4 desayunos saludables que debes incluir en tu dieta http://bit.ly/2Rz0k8k,0
798,Para qué Sirve la Hoja de Bambú - Beneficios de las Hojas de Bambú,0
799,US Mint News: United States Mint 24-Karat Gold Proof Coin Goes on Sale on April 12,0
800,"Nike 'won't respond' to new Avenatti allegations, including 'bribe' to Zion Williamson's mom",0
801,Hawaii officers who allegedly forced man to lick urinal indicted on civil rights offenses,0
802,ORIGINAL I7 WIRELESS EARPODS WITH CHARGING BOX!!,0
803,Michael Avenatti releases documents alleging Nike paid families of top college basketball recruits,0
804,Bret Easton Ellis: liberal lunatics wrong about Kanye West,0
805,Websites to be fined over 'online harms',0
806,Pugh book controversy: What you need to know,0
807,"The average kid will get 20 months less to live thanks to toxic air, says study",0
808,'Nike Should Be Criminally Indicted': Avenatti Comes Out Swinging With Documents Alleging High School Bribery Scandal | Law &amp; Crime,0
809,"From danger zone to sweet spot, BNY Mellon picks Europe as top global play",0
810,List مسلسلات رمضان 1440 &amp;#8211; 2019 النهائية .. أهمها زلزال .. لمس أكتاف وكلبش 3,0
811,Exporting terrorism? A look at the Saudis and Wahhabism,0
812,According to what Directed toward 14x Search Shipment In 8x months,0
813,Stop Sleeping With Your Pants - Microbiologist Warns Women,0
814,LATEST UPDATE: NZ Police Confiscate Air Soft Pellet guns &amp; Crossbow Beca...,0
815,@rokambola : Nueva Entrada: Así son las tecnologías de sensores fotográficos actuales http://bit.ly/2CSe8Vm,0
816,Beto O'Rourke: Netanyahu is 'racist',0
817,Fiat to pool with Tesla to avoid EU fines,0
818,"N.J. teen suffocated newborn baby, then had boyfriend dump body in trash bin, police say",0
819,"Ireland Launches Police Hijab, Says ‘Diversity’ Deficit a ‘Time-bomb’",0
820,"US-Backed Forces Bomb Yemen School, Syrian Hospital &amp; The Secret US/Isra...",0
821,OPIC News: Ryan Brennan Assumes Roles of Opic Chief Operating Officer,0
822,@rokambola : Nueva Entrada: Secreto para eliminar piojos rápido y barato http://bit.ly/2Ryfpa9,0
823,AP News: Homeland Security Secretary Nielsen resigns,0
824,Pilot whale dies at SeaWorld in Orlando following 'health decline',0
825,UNA SOLA HOJA DE AGUACATE HERVIDA HACE MILAGROS!,0
826,American tourist rescued after being kidnapped in Uganda,0
827,"Yoruba news anchor on LTV, Toyin Kawojue is dead",0
828,Trump says DHS Secretary Nielsen leaving,0
829,Kirtsjen Nielsen expected to resign,0
830,"Saudi nuclear program accelerates, raising tensions in a volatile region",0
831,U.S. Homeland Security Secretary Kirstjen Nielsen leaving position - Reuters,0
832,Kirstjen Nielsen Out as Trump’s Homeland Security Secretary,0
833,"Kirstjen Nielsen leaving position as Homeland Security Secretary, Trump says",0
834,Snake's boyfriend turns out to be a Snake,0
835,Kirstjen Nielsen to leave position as secretary of homeland security amid spike in migrant families at U.S.-Mexico border,0
836,DHS Secretary Nielsen just got booted,0
837,"DHS Secretary Kirstjen Nielsen expected to resign, officials say",0
838,Secretary of Homeland Security resigns after visiting the border with Trump,0
839,Iowa teen gets probation after raping 1-year-old girl on camera,0
840,Kirstjen Nielsen expected to resign as DHS secretary,0
841,Hoa anh đào nở rộ ở cố đô Hàn Quốc,0
842,@rokambola : Nueva Entrada: ¿Qué ocurre con nuestras cuentas de Internet cuando fallecemos? http://bit.ly/2WpntNH,0
843,Army's version of Microsoft's HoloLens AR goggles likened to Call of Duty,0
844,"Homeland Security Secretary Nielsen, President Trump Assess Humanitarian, Security Emergency Response in Calexico, CA",0
845,The Elder Scrolls: Blades tops the App store in its first week on iOS,0
846,"Officer disciplined for telling black middle schoolers that when they turn 18, 'you're mine'",0
847,"DHS Secretary Kirstjen Nielsen expected to resign, officials say",0
848,N'est gool rebiri with fc Bayern,0
849,Motel 6 will pay $12 million after several locations gave their guest lists to ICE,0
850,Motel 6 to Pay $12 Million After Giving Guest Lists to ICE,0
851,Thousands in Britain left to go blind due to eye surgery rationing: Report,0
852,"Independent march in Havana believed first for communist-run Cuba, organizers say",0
853,"In China, an App About Xi Is Literally Becoming Impossible to Ignore",0
854,Death penalty repeal sweeping across states as both parties get on board,0
855,@rokambola : Nueva Entrada: 5 Remedios para combatir los ronquidos http://bit.ly/2A6OdcB,0
856,Artisanal Food Shop Helps Kosovo War-Rape Survivors Earn Income — And Heal,0
857,"US updates warning over China travel, urging 'increased caution' The State Department warning noted that Chinese authorities have “exit bans” to prevent U.S. citizens from leaving China, sometimes “for years.”",0
858,Kimberly Endicott,0
859,Despondent Jeff Bezos Realizes He’ll Have To Work For 9 Seconds To Earn Back Money He Lost In Divorce,0
860,DHS Secretary Kirstjen Nielsen to Resign Immediately: Report,0
861,London's murder rate now tops New York City's,0
862,Man’s Hands Chopped Off After Being Attacked By Armed Men In Sokoto (Photos),0
863,"UN rights experts accuse Blackstone Group of 'wreaking havoc,' fueling global housing crisis, The Guardian reports",0
864,Game rangers kill three poachers in Save Valley gun fight: police,0
865,Three members of Congress say Trump admin denying them access to facility housing unaccompanied migrant children,0
866,"House Republicans, at NRA's urging, vote against Violence Against Women Act",0
867,precio en farmacia cialis levitra fildena,0
868,Kimberly Endicott,0
869,Warren Buffett on search for Wells Fargo CEO: 'They shouldn't come from JP Morgan or Goldman Sachs',0
870,End The War On Drugs,0
871,Court Kicks CAIR Out of San Diego School District | Clarion Project,0
872,Five best games between Barcelona and Manchester united,0
873,Attorney profiles and Reviews and Rating Can Be Helpful if Real,0
874,Suspected rhino poacher is killed by an elephant and then eaten by lions in South Africa,0
875,Trump tax returns 'will never be released',0
876,"NYC Casting Call Says âWhite Artistsâ Will Be Paid Less Than âPOC Artists,â And Undergo âMandatoryâ Session Of âAnti-Racism Trainingâ",0
877,@rokambola : Post Edited: http://bit.ly/2EE6gKM,0
878,Hawaii Police Charged With Forcing Man to Lick Urinal,0
879,"Hey, Rich People! FREE Money? It's a Tax Write Off! Want It? -- MoneyArtistPR.com | PRLog",0
880,Peter Gale teacher video,0
881,Mom charged with falsely accusing a man of trying to kidnap her 5-year-old at the mall,0
882,سلمى المصري تلوم #ديمة_بياعة بسبب #تيم_حسن وحقيقة إنفصاله عن #وفاء_الكيل...,0
883,@rokambola : Nueva Entrada: Recogimiento de tendones: cómo tratarlo http://bit.ly/2yNnVuR,0
884,How I got pregnant as a virgin – Wathoni Anyansi Narrates,0
885,"Christian woman was kidnapped, forcibly converted and raped in Islamabad: investigators",0
886,"Mizzou fraternity attempting to beat own world record of $132,000 to the American Cancer Society through ""Rock-A-Thon"" Philanthropy event",0
887,University of Kansas class studying angry white males makes some white males angry: 'Utter trash',0
888,A Texas-sized biker brawl left nine dead. Why were there no convictions,0
889,Dahvie Vanity Raped A Child. Police Gave Him A Warning. Now 21 Women Accuse Him Of Sexual Assault,0
890,Best News: Music for kids in Russia,0
891,#ZamfaraKillings: Buhari Knows Who Is Behind The Zamfara Killings - El Rufai Reveals,0
892,6 Reasons Your Hotel Might Not Be Succeeding in 2019 #hotelreddit,0
893,Community Dwellers Rendered Homeless After Rainstorm Destroys Over 500 Houses In Ondo,0
894,'Why did you kill my girlfriend?' — UK nerve agent survivor meets Russia envoy,0
895,Brussels government keeps 5G on ice,0
896,Kaspersky Tech Support Number,0
897,Indiana Town Trashes Christian Identity! --Return to Order,0
898,Burger King under fire after social media users claim new ad featuring chopsticks is 'racist',0
899,White Man Sentenced to 10 Years for Shooting Black Men After Hurricane Katrina,0
900,Men arrested in connection with the deaths of 2 women in South Carolina,0
901,Illinois Gov. J.B. Pritzker signs bill raising smoking age from 18 to 21,0
902,"Rachel Dolezal, AKA Nkechi Diallo, reaches settlement in Welfare Fraud Case",0
903,Hoa anh đào nở rộ ở cố đô Hàn Quốc,0
904,"'We led a life worse than a dog in Pakistan': Hindu refugees from Sindh, Pakistan, now in Delhi, India",0
905,Shock! Fraud and Corruption Rampant in UN Refugee Resettlement Program,0
906,"BORN THIEF! SchoolGirl Steals, Hides Her Aunt’s Jewelry On A Palm Tree In Delta (Video)",0
907,Flood-hit Iran getting no financial aid from abroad due to U.S. sanctions: statement,0
908,American tourist kidnapped in Ugandan park rescued,0
909,Phoenix fire truck involved in deadly accident,0
910,Hundreds Stranded As Civilian Traffic Ban On J&amp;K Highway Begins Today,0
911,Prince William studies how to be a spy.,0
912,"Tibetan nomads forcibly 'resettled' by China struggle with loss of an over 8,000-year-old heritage",0
913,Canadian baby who got organ donation now a healthy 6-year-old,0
914,UK Novichok victim told all would have died if Russia was behind Salisbury attack,0
915,OMG! Photos Of People Killed During Cult War In River State,0
916,Triplet Gingers,0
917,@rokambola : Post Edited: 8 formas naturales de subir tus defensas para evitar enfermedades respiratorias y gripe http://bit.ly/2ShHH9y,0
918,"2 Adults, 1 Child Killed in Crash Involving Responding Firetruck",0
919,UN: China Responds to Rights Review with Threats,0
920,Lithuanian man was the lone passenger on a 737 flight to Italy,0
921,Will Smollett be Re-charged? Chicago Attorney Calls for Special Prosecutor Probe,0
922,"45-year-old Film Seller, Marainerume Alfred Arrested For Defiling 14yrs Old Girl",0
923,Colorado man says he was traumatized when police drew guns on him for picking up trash.,0
924,"Leaked Docs Show Qatari Charity Funds MB, Tariq Ramadan in Europe",0
925,Libya crisis: Fighting near Tripoli leaves 21 dead Again.,0
926,"Speed limit increases are tied to 37,000 deaths over 25 years",0
927,"Speed limit increases are killing thousands of Americans, IIHS study finds",0
928,"Dog owners are much happier than cat owners, survey finds",0
929,"Review: The 2019 Mazda MX-5 Miata is a steal if you want a sports car for about $30,000",0
930,26-yr-old engineer brings 10 ponds back to life - Times of India,0
931,"World Heavyweight Boxing Champion, Anthony Joshua Makes Eba In His London Home (Video)",0
932,"Microsoft, Sony, Nintendo under investigation in the UK over their subscription services",0
933,R. Kelly gives 28-second performance at Illinois club,0
934,AOC is a Complete Idiot,0
935,Super fungus that kills nearly half of its victims in 90 days has spread globally.,0
936,Norton &amp; McAfee Support Contact Number 0800-041-8301 UK,0
937,"Saudi nuclear program accelerates, raising tensions in a volatile region",0
938,@rokambola : Post Edited: La Musica del dia ( Keith Urban – Blue Ain’t Your Color ) http://bit.ly/2UEJdab,0
939,Bipartisan Bill Would Give States Control Over Marijuana Laws,0
940,Get Your News,0
941,iPhone XR Prices Slashed in India,0
942,Bà mẹ gây sốt với những món ăn đẹp đến mức khiến ai nhìn cũng không chớp mắt,0
943,Congressional anger is growing over Trump’s efforts to secure a nuclear energy deal with Saudi Arabia: '...it was revealed that the Trump admin gave approval for companies to share certain nuclear energy technology with the kingdom without a broader nuclear deal in place.',0
944,Fighting near Libyan capital leaves 21 dead,0
945,"Mystery as 'missing Mousketeer Dennis Day, 76, is found dead in his home' months after he vanished",0
946,What A Pity! These 2 Black Men Freed After Wrongfully Convicted For A Murder Almost 43 Year Ago,0
947,Why Native Pack web optimization is Important directed toward Increase Your Enterprise,0
948,"Maricopa County Unified School District No. 4 (Mesa), AZ GO Outlook Revised To Positive On Improved Financial Profile",0
949,@rokambola : Nueva Entrada: Cura el hipo en casa con estos remedios naturales http://bit.ly/2DtDhb3,0
950,Tesla Model 3 Performance with OTA power boost humbles $200K+ Ferrari 458,0
951,"Man Caught With Lady’s Pants, Bra, Pads &amp; Slippers In Kwara (Photos)",0
952,"Calgary NDP candidate apologizes for sharing meme about jihad, the Crusades",0
953,Reddit’s /r/Piracy is Deleting Almost 10 Years of History to Avoid Ban.,0
954,Authorities in Arkansas are searching for whoever killed a female bald eagle near her nest,0
955,Fine Art in Houston - The Best Investment towards Your Space,0
956,U.S. charges Facebook with racial discrimination in targeted housing ads,0
957,California attorney general calls for unauthorized immigration to be decriminalized,0
958,'SNL' alum returns to tackle allegations against Biden,0
959,How some middle school children act when parents aren’t around,0
960,Middle-school volleyball players prevent suicidal California woman from jumping off bridge,0
961,"Check Out Brand New 2019 Mercedez Benz G63 AMG Acquired By Dbanj's Partner, Damian Ifeanyi (Photos)",0
962,Why does Twitter submit to Muslim anti-blasphemy laws which are illegal in the United States of America?,0
963,Mom Charged with Falsely Accusing Man of Trying to Kidnap Her 5-Year-Old at Old Navy,0
964,"'We led a life worse than a dog in Pakistan': Hindu refugees from Sindh, Pakistan, now in Delhi, India",0
965,American Tourist Kimberly Sue Endicott and Tour Guide Jean Paul Mirenge Reportedly Found Alive in Uganda,0
966,Suspected rhino poacher is killed by an elephant and then eaten by lions in South Africa,0
967,Justice,0
968,"Pewdiepie says ""F**k Nazis"" and ""F**k white supremacy""",0
969,Gold Remains One Of Top Investments For 2019,0
970,Best News: Dashcam footage shows chaotic Metro Detroit chase involving stolen Sterling Heights police car,0
971,"Body found at Disney Mouseketeer’s home, Oregon cops say. He’s been missing since July",0
972,"A suspected rhino poacher was killed by an elephant and then eaten by lions, authorities say",0
973,"No clever title here, just some cops being real good dudes : theCHIVE",0
974,@rokambola : Post Edited: Tutorial para recuperar archivos borrados de tu Android http://bit.ly/2yTCLQq,0
975,Muslim terrorist convicted for murder of Duvdevan soldier Ronen Lubarsky,0
976,Golf star Arie Irawan found dead in hotel room aged 28 during PGA Tour China,0
977,Graphic: Helicopter Blade Kills Air Force Officer In Lagos,0
978,Smoking pot vs. tobacco: What science says about lighting up,0
979,American Kimberly Endicott and driver freed by captors after being kidnapped in Uganda,0
980,"Human remains found at home of Dennis Day, original Mouseketeer missing for months",0
981,Man kills wife for ‘honour’,0
982,​ក្តៅៗ ហុងស៊ុយ​ឆ្នាំ​កុរ​ ២០១៩ មិត្ត​ដែល​ជួយ​ជ្រោមជ្រែង​បាន​គឺ ថោះ និង ច...,0
983,Dolphin clitoris study suggests marine mammals may experience sexual pleasure,0
984,@rokambola : Post Edited: Remedios caseros para la Laringitis http://bit.ly/2Uip32A,0
985,"Designated terrorist group CAIR's infamous anti-Semites call on supporters to demand that Congress strike down proposed ""Anti-Semitism Awareness Act of 2019""",0
986,https://tingdiamond.com,0
987,"Focus On My Talent, Not On My Big Bosom s - Rising Actress, Peggy Onah (Photo)",0
988,Door-to-Door e-KTP Service on Weekends Provided,0
989,"Skyscrapers are killing up to 1bn birds a year in US, scientists estimate | Environment",0
990,Poacher trampled on by elephant and then eaten by lions,0
991,Co-founder of chart-topping The O’Jays dies of cancer at 78,0
992,"South Dakota begins predator bounty program to boost pheasant hunting despite opposition, questions",0
993,"Brands, universities, and celebrities are part of a growing movement taking action against Brunei-owned enterprises after the tiny Asian nation introduced a new law punishing homosexuality with the death penalty.",0
994,What is said in Canadian Mosques,0
995,"Iran killed 608 American troops in Iraq War, Pentagon says in revised casualty estimate",0
996,"In San Francisco, Making a Living From Your Billionaire Neighbor’s Trash",0
997,Officers who allegedly forced man to lick public urinal indicted on civil rights offenses,0
998,Who writes laws? Corporations,0
999,So We Still Have Ladies Like? - Man Recounts How He Was Paid By A Lady For Cancelled Date,0
